Longitude,Latitude,Dump Site Name,State/Province
-114.609141,49.630588,Coleman Travel Alberta Visitor Information Centre,AB
-113.570425,53.644054000000004,St Albert,AB
-114.49079499999999,51.543993,Cremona,AB
-115.36668,51.106145,Canmore good Visitor Center,AB
-114.78396799999999,55.271407999999994,Slave Lake Canadian Tire,AB
-114.012643,51.067515,good CALGARY Dump Station at GAS shell,AB
-97.09751800000001,49.797496,good WINNIPEG Dump Station,AB
-97.105492,49.950854,Winnipeg,AB
-115.55451399999998,51.192258,good BANF DUMP water,AB
-110.04121699999999,49.943946999999994,Walsh Visitor center,AB
-110.685282,50.011576,? Tourist info Medecine hat,AB
-115.26360600000001,51.039539000000005,good GAS DUMP,AB
-112.16756799999999,50.681486,REST AREA DUMP,AB
-113.91193700000001,49.046382,Waterton RV Dump,AB
-112.08031899999999,49.142158,Milk River Tourist Info Center,AB
-112.105919,50.069922999999996,Vauxhall,AB
-111.88323899999999,50.559377000000005,Brooks Kinsmen Hall,AB
-111.90278300000001,50.731066,Duchess,AB
-113.875496,50.578520000000005,High River George Lane Memorial Park,AB
-110.48542900000001,51.350274,Oyen,AB
-114.490674,49.635694,Coleman,AB
-72.20008399999999,48.881847,Dolbeau,QC
-72.661339,46.302608,Pointe-du-Lac,QC
-72.42884000000001,46.21348,Saint-Célestin,QC
-113.957458,52.027573,Innisfail Information,AB
-117.299952,56.240382999999994,Peace River,AB
-119.43911399999999,46.380078000000005,West Richland,WA
-71.19553,46.598882,Ultramar,QC
-113.790322,52.312001,Reddeer,AB
-111.313096,34.24053,Payson,AZ
-110.046695,34.247807,Show Low,AZ
-115.68598600000001,54.138952,Whitecourt,AB
-112.527022,37.04313,Kanab,UT
-112.163358,43.373631,Shelley,ID
-112.15850400000001,37.668114,BRICE before campground,UT
-114.13568899999999,51.661457,Didsbury Memorial Complex Arena,AB
-114.03762900000001,51.422033,Crossfield,AB
-114.004003,51.375133,Rest STOP Hwy-2,AB
-114.073049,52.315895000000005,Sylvan Lake,AB
-110.86973400000001,52.842726,Wainwright,AB
-113.726569,53.344483999999994,Devon,AB
-114.993255,53.206779000000004,Drayton Valley,AB
-114.992903,53.220026000000004,Drayton Valley,AB
-113.49741599999999,53.412969,Edmonton Information Centre,AB
-118.79526299999999,55.133511,Grande Prairie,AB
-116.57646299999999,53.576463000000004,Edson Rest Area,AB
-112.976492,52.586389000000004,Bashaw,AB
-113.210641,53.694630000000004,Fort Saskatchewan Canadian Tire,AB
-113.19561100000001,53.706225,Fort Saskatchewan,AB
-113.05943400000001,53.197086999999996,Hay Lakes,AB
-117.55435,53.40793299999999,Hinton Esso,AB
-118.814935,55.180189,Grande Prairie,AB
-113.86069199999999,52.142212,Penhold,AB
-114.915544,52.380618,Rocky Mountain House Visitor Center,AB
-117.623314,53.385091,Hinton Canadian Tire,AB
-113.939378,52.021759,Innisfail,AB
-113.46803200000001,53.090988,Millet,AB
-113.26945,54.727465,Arthabasca (at the end),AB
-113.521919,53.318344999999994,Bulk Water,AB
-113.65326100000001,53.801148,Morinville,AB
-113.638571,53.625979,St. Albert,AB
-111.23176200000002,52.91804499999999,Irma,AB
-118.080059,52.872229000000004,Jasper inside Industrial Park,AB
-115.024551,51.047532000000004,Kananaskis Visitor Center,AB
-111.351049,56.678414000000004,Fort McMurray Visitor Information Centre,AB
-114.631107,50.911733,lbow Valley Visitor Information Centre,AB
-113.549871,53.278004,Leduc Regional Chamber Of Commerce,AB
-112.80015300000001,49.669252,Lethbridge,AB
-113.506704,51.497668,Acme,AB
-114.016741,51.297139,Airdrie,AB
-114.401377,54.136635999999996,Barrhead,AB
-113.795892,52.381943,Blackfalds,AB
-117.195774,55.72432,Falher,AB
-112.806399,54.592601,Boyle,AB
-114.56098100000001,50.952277,Bragg Creek,AB
-114.67823899999999,50.889826,Bragg Creek,AB
-112.04208600000001,53.17309300000001,Bruce,AB
-111.519525,50.762344,Dinosaur Provincial Park,AB
-116.44328,53.576519999999995,Edson,AB
-113.052467,49.887357,Nobleford,AB
-151.52921899999998,59.642362,Homer,AK
-85.369424,33.667729,I-20 CLEBURNE COUNTY WELCOME CENTER WB,AL
-86.309572,33.850691999999995,I-59 ST CLAIR COUNTY REST AREA NB,AL
-86.26854,33.874538,I-59 ST CLAIR COUNTY REST AREA SB,AL
-85.557909,34.709337,I-59 DEKALB COUNTY WELCOME CENTER SB,AL
-88.401527,32.449365,I-59/20 SUMTER COUNTY WELCOME CENTER NB,AL
-87.959059,32.841501,I-59/20 GREENE COUNTY REST AREA NB,AL
-87.93813399999999,32.858956,I-59/20 GREENE COUNTY REST AREA SB,AL
-87.323996,33.189983000000005,I-59/20 TUSCALOOSA COUNTY REST AREA NB SB,AL
-87.113734,31.336915,I-65 CONECUH COUNTY REST AREA NB,AL
-86.890553,34.956755,I-65 ARDMORE WELCOME CENTER CENTER SB,AL
-86.866339,34.074861999999996,I-65 CULLMAN COUNTY REST AREA NB SB,AL
-86.63578199999999,32.905588,I-65 CHILTON COUNTY REST AREA NB SB,AL
-86.60923000000001,31.883799,I-65 BUTLER COUNTY REST AREA NB SB,AL
-87.047289,31.374923,I-65 CONECUH COUNTY REST AREA SB,AL
-85.617779,32.496995,I-85 MACON COUNTY REST AREA NB,AL
-85.60645600000001,32.505728000000005,I-85 MACON COUNTY REST AREA SB,AL
-85.193662,32.841031,I-85 LANETT WELCOME CENTER SB,AL
-85.40746700000001,31.007931,US-231 Alabama Welcome Center NB,AL
-85.175546,31.782868,US-431 BARBOUR COUNTY REST AREA NB SB,AL
-86.887597,32.777729,US-82 Rest Area NB SB,AL
-88.39227,30.477504999999997,I-10 Welcome Center Grand Bay,AL
-87.708114,30.534876,Robertsdale,AL
-93.60668000000001,33.658443,Hope,AR
-111.46003700000001,36.920045,PAGE Public RV Dump Station,AZ
-111.62305,35.192440999999995,Flagstaff,AZ
-111.483097,36.904247999999995,PAGE Car Wash Public Dump ? middle of concrete,AZ
-109.560884,31.346587,Douglas,AZ
-112.43245900000001,34.569879,Prescott wastewater treatment plant,AZ
-91.995467,34.221228,Pine Bluff Convention Center,AZ
-112.12186200000001,36.051072999999995,Grand Canyon Village,AZ
-116.9701,51.311465000000005,GOLDEN Husky truck stop DUMP waterfree with gas,BC
-116.95181000000001,51.297092,Golden,BC
-119.635071,49.828163,KELONA DUMP in back Shell,BC
-119.42741200000002,49.88335,KELONA DUMP water Canadian Tire,BC
-120.822483,56.229997,Fort St. John,BC
-117.651292,49.295927,Castlegar,BC
-122.433209,49.079069,Abbotsford Bradner rest area,BC
-124.055481,49.238914,VANCOUVER ISLAND DUMP GAS behind Mid Island Co-op,BC
-124.805549,49.240039,VANCOUVER ISLAND DUMP,BC
-118.21321699999999,51.008886,good water municipal Public RV Dump Revelstoke,BC
-119.27098600000001,50.285392,Vernon (Buy Gas),BC
-127.593304,55.247642000000006,New Hazelton,BC
-128.583267,54.512530000000005,Terrace,BC
-119.603624,49.490964,Penticton Canadian Tire,BC
-121.99426499999998,49.144889,Chilliwack,BC
-124.983172,49.677981,Courtenay,BC
-120.222371,55.741162,Dawson Creek Canadian Tire,BC
-124.783924,49.265028,Port Alberni Canadian Tire,BC
-127.15446399999999,54.773621999999996,Smithers Canadian Tire,BC
-111.55327,37.016493,Lake Powell free with pass,AZ
-125.024297,49.625331,Cumberland,BC
-115.05461499999998,49.524985,Fernie,BC
-126.045795,49.782257,Gold River,BC
-121.29348200000001,51.648601,100 Mile House,BC
-122.717008,58.804641000000004,Fort Nelson,BC
-124.841082,54.055627,Fraser Lake,BC
-123.52030500000001,49.407194,Gibsons,BC
-118.46044099999999,49.02667,Grand Forks,BC
-126.64411299999999,54.40215799999999,Houston,BC
-120.119522,50.661326,Kamloops,BC
-120.357677,50.681942,Kamloops,BC
-120.36816200000001,50.654509000000004,Kamloops,BC
-120.35690100000001,50.711901,Kamloops,BC
-116.445591,51.419818,Field,BC
-117.281201,49.192916,Salmo,BC
-116.50715,49.092852,Creston,BC
-123.134441,49.736371999999996,Squamish,BC
-122.81653,53.85694300000001,Prince George (buy gas),BC
-115.74451,49.534008,Cranbrook,BC
-128.583177,54.51255,Terrace,BC
-119.81965,49.204256,Keremeos,BC
-119.49823500000001,49.038357,Keremeos,BC
-124.061646,48.818532,Lake Cowichan,BC
-120.82201699999999,50.48984,Logan Lake,BC
-123.092956,55.323999,McKenzie,BC
-120.7618,50.122026,Merritt,BC
-120.793931,50.105034,Merritt,BC
-119.498297,49.038340000000005,Osoyoos,BC
-122.315003,49.130725,Mission,BC
-123.037636,50.087484,Whistler,BC
-122.179367,49.055015999999995,Abbotsford Cole Rest Area,BC
-122.80003700000002,50.317063,Pemberton,BC
-127.48966399999999,50.430569,Port Alice,BC
-130.291554,54.219955000000006,Port Edward,BC
-121.775223,49.239241,Agassiz,BC
-122.794973,53.907475,Prince George,BC
-122.779152,53.868289000000004,Prince George,BC
-122.49623700000001,52.973973,Quesnel,BC
-125.95993100000001,50.37943,Sayward,BC
-127.166829,54.782692000000004,Smithers,BC
-121.01821000000001,55.12034,Tumbler Ridge,BC
-121.00540500000001,55.139943,Tumbler Ridge,BC
-124.01020700000001,54.024072,Vanderhoof $2,BC
-122.13188899999999,52.123787,Williams Lake,BC
-129.986132,55.936028,Stewart,BC
-128.58326200000002,54.512668000000005,Terrace,BC
-124.26448899999998,54.447807999999995,Fort St. James,BC
-121.65224199999999,55.692342000000004,Chetwynd,BC
-120.684331,56.152961,Taylor,BC
-127.494219,50.714928,Port Hardy,BC
-123.279693,52.08331,Alexis Creek,BC
-125.284219,50.014258,Campbell River (Buy Gass),BC
-124.79428600000001,49.263969,Port Alberni (buy gass),BC
-121.775225,49.239247999999996,Agassiz,BC
-118.87386599999999,34.825072,I-5 TEJON PASS REST AREA NB,CA
-118.86926299999999,34.830213,I-5 TEJON PASS REST AREA SB,CA
-125.76254899999999,54.226552000000005,Burns lake,BC
-117.445031,33.275376,I-5 ALISO CREEK REST AREA SB,CA
-117.43368400000001,33.26638,I-5 ALISO CREEK REST AREA NB,CA
-115.66955700000001,32.773922999999996,I-8 SUNBEAM REST AREA EB WB,CA
-119.32290800000001,36.104888,SR-99 PHILIP S RAINE REST AREA NB,CA
-119.323936,36.111511,SR-99 PHILIP S RAINE REST AREA SB,CA
-124.15086000000001,41.120703000000006,US-101 TRINIDAD REST AREA NB,CA
-122.209225,39.590142,I-5 WILLOWS REST AREA NB,CA
-122.209441,39.595296000000005,I-5 WILLOWS REST AREA SB,CA
-123.548947,40.882326,SR-299 FRANCIS B MATHEWS REST AREA EB WB,CA
-121.32133200000001,37.581781,I-5 WESTLY REST AREA NB,CA
-121.325249,37.584164,I-5 WESTLY REST AREA SB,CA
-115.522201,33.082372,TWO RIVERS SAFETY ROADSIDE REST AREA,CA
-122.252802,38.093378,Vallejo (at the gate and dial 001),CA
-121.539023,38.617262,SACRAMENTO 49ER TRAVEL PLAZA DUMP,CA
-119.56456200000001,37.739007,YOSEMITE Dump,CA
-118.80051999999999,36.515234,SEQUOYA NTL PARK DUMP clean WATER,CA
-116.866606,34.944061,CALLICO Ghost Town,CA
-116.080633,35.262253,GAS DUMP en arriere parking,CA
-123.74753799999999,41.967106,Patrick Creek Rest Area,CA
-115.12745100000001,36.217871,LAS VEGAS DUMP,CA
-117.21876499999999,32.764390999999996,San Diego South Shores Boat Launch,CA
-116.98539299999999,33.743708000000005,Hemet Trailer Supply $,CA
-116.198847,33.717346,INDIO,CA
-118.07541299999998,34.664494,City of Lancaster National Soccer Field,CA
-117.39945300000001,34.410692,Oak Hills,CA
-121.473651,41.955037,Tulelake,CA
-117.557048,33.882504,Corona Wastewater Treatment Plan,CA
-121.42010800000001,37.765275,Tracy,CA
-114.597021,33.592859999999995,Blythe $7,CA
-121.910983,36.598971,Monterey,CA
-117.209073,32.789372,San Diago,CA
-119.684179,34.421328,Santa Barbara,CA
-119.647585,36.298390000000005,Hanford,CA
-121.696104,38.550959999999996,Davis,CA
-120.63217399999999,35.123535,Grover Beach,CA
-117.39354499999999,33.205102000000004,Oceanside,CA
-106.591518,39.646712,I-70 EDWARDS REST AREA,CO
-102.26141899999999,39.297137,I-70 BURLINGTON WELCOME CENTER WB,CO
-103.18063599999999,40.620834,I-76 STERLING REST EB WB,CO
-103.401038,38.03802,US-50 OTERO COUNTY REST AREA EB/WB,CO
-102.05402,38.050579,US-50 HOLLY REST AREA EB/WB,CO
-108.73604099999999,39.153527000000004,I-70 FRUITA Welcome Center Park,CO
-105.5087,39.742047,COLORADO SPRINGS (welcome center),CO
-106.63808799999998,37.669973,South Fork,CO
-102.2507,40.966671999999996,JULESBURG (welcome center),CO
-108.07197099999999,38.742512,Delta,CO
-106.944891,38.534946000000005,Gunnison,CO
-105.270016,40.223678,LIONS Sandsone Park,CO
-107.87923300000001,37.261617,Durango,CO
-105.00193,40.589397999999996,Fort Collins,CO
-104.829205,37.605068,Walsenburg in park,CO
-107.778566,39.525328,I-70 RIFLE VISITOR INFO REST AREA EB WB,CO
-108.588334,37.369284,CORTEZ DUMP water,CO
-108.91328100000001,37.765931,DUMP gas,CO
-104.86836000000001,39.405054,Castle Rock Service Center,CO
-106.35240800000001,37.684083,Del Norte,CO
-108.074845,38.749957,Delta,CO
-106.115319,37.569464,Monte Vista Co-op,CO
-110.713264,38.573313,Grand Junction,CO
-103.749049,38.214578,Ordway,CO
-104.745091,38.333166,Pueblo West Shell,CO
-103.718141,38.053465,Rocky Ford Free With Fuel,CO
-108.68862,37.204941999999996,Towaoc $5,CO
-106.008424,38.524724,Salida,CO
-107.814626,39.217403000000004,Collbran,CO
-107.873461,37.949382,Telluride water treat plant,CO
-106.27798200000001,40.733009,Walden,CO
-105.46681699999999,38.130994,Westcliffe,CO
-105.126034,40.154973,Longmont,CO
-106.97708100000001,38.873495,Bute,CO
-107.91143100000001,40.035457,Meeker Public dump station,CO
-72.905541,41.573695,I-84 SOUTHINGTON REST AREA EB,CT
-72.293442,41.894874,I-84 WEST WILLINGTON REST AREA WB,CT
-73.51801999999999,41.388596,I-84 Connecticut Welcome Center EB WB,CT
-72.745329,41.550665,I-91 WALLINGFORD REST AREA NB,CT
-72.776372,41.464619,I-91 MIDDLETOWN REST AREA SB,CT
-72.623642,41.755759000000005,Cabellas,CT
-75.536401,39.188806,Dover Downs Casino,DE
-75.618719,38.633902,Seaford,DE
-81.96598399999999,28.040422999999997,Lakeland civic center,FL
-83.66672700000001,33.603745,I-20 MORGAN COUNTY REST AREA EB,GA
-83.573678,33.577489,I-20 MORGAN COUNTY REST AREA WB,GA
-82.338662,33.499127,I-20 COLUMBIA COUNTY REST AREA EB,GA
-82.32473900000001,33.498018,I-20 COLUMBIA COUNTY REST AREA WB,GA
-82.020482,33.527091999999996,I-20 WELCOME CENTER WB,GA
-83.75160100000001,32.864159,I-475 BIBB COUNTY REST AREA NB,GA
-84.945107,34.568425,I-75 North Georgia Rest Area SB,GA
-84.918933,34.405618,I-75 GORDON COUNTY REST AREA NB,GA
-83.763166,32.070713,I-75 DOOLY COUNTY REST AREA NB,GA
-83.745908,32.212164,I-75 DOOLY COUNTY REST AREA SB,GA
-83.660481,31.747615000000003,I-75 TURNER COUNTY REST AREA NB,GA
-83.584627,31.636477000000003,I-75 TURNER COUNTY REST AREA SB,GA
-83.470887,31.262939000000003,I-75 COOK COUNTY REST AREA SB,GA
-83.465523,31.241107,I-75 COOK COUNTY REST AREA NB,GA
-83.066671,34.471206,I-85 WELCOME CENTER SB,GA
-81.48792399999999,31.282705,I-95 REST AREA TOURIST INFORMATION SB,GA
-84.96563,32.568982,I-185 GEORGIA WELCOME CENTER,GA
-81.651034,30.754765999999996,I-95 Rest Area NB,GA
-95.939615,41.582021000000005,I-29 MISSOURI VALLEY REST AREA NB,IA
-95.827453,41.081148999999996,I-29 PACIFIC JUNCTION REST AREA NB SB,IA
-95.955277,41.593879,I-29 MISSOURI VALLEY REST AREA SB,IA
-96.110302,41.992284000000005,I-29 ONAWA REST AREA NB SB,IA
-96.353764,42.374927,I-29 SERGEANT BLUFF REST AREA NB SB,IA
-93.855357,40.656444,I-35 DECATUR REST AREA NB SB,IA
-93.795913,41.013282000000004,I-35 OSCEOLA REST AREA NB SB,IA
-93.552894,42.12429,I-35 STORY CITY REST AREA NB,IA
-93.55435899999999,42.112346,I-35 STORY CITY REST AREA SB,IA
-93.461221,42.673433,I-35 DOWS REST AREA-FOLLOW SIGNS NB SB,IA
-93.35505500000001,43.445553000000004,I-35 NORTHWOOD REST AREA-FOLLOW SIGNS NB SB,IA
-91.669501,41.867259000000004,I-380 CEDAR RAPIDS REST AREA NB SB,IA
-95.659083,41.402319,I-80 UNDERWOOD REST AREA EB WB,IA
-94.567256,41.496801,I-80 ADAIR REST AREA EB WB,IA
-92.779697,41.695219,I-80 GRINNELL REST AREA EB,IA
-92.231257,41.695795000000004,I-80 VICTOR REST AREA EB WB,IA
-91.681616,41.694292,I-80 TIFFIN REST AREA EB WB,IA
-93.631236,43.263246,Forest City,IA
-116.55913899999999,46.510626,US-12 LENORE REST AREA SB NB,ID
-112.42086,42.850629999999995,good Public RV Dump,ID
-112.43330800000001,42.911133,good Bannock County Fairgrounds,ID
-112.056219,43.471879,Idaho Falls South Tourist Park,ID
-111.96330800000001,43.542009,good Idaho Falls good,ID
-114.74846299999999,42.593737,BUHL Chamber of Commerce,ID
-112.515239,42.915105,Waste Treatment Plant Pocatello,ID
-116.672468,43.656703,Caldwel,ID
-111.39213600000001,42.229855,Paris,ID
-116.643942,46.614307000000004,Kendrick,ID
-116.96438,46.378282,Lewiston fairground,ID
-111.337359,44.498996999999996,Macks Inn,ID
-111.297477,42.323639,Montpelier City Park,ID
-116.983954,46.723739,Moscow County Fairgrounds,ID
-115.68418100000001,43.119479,Mountain Home,ID
-116.57938100000001,43.59466,Nampa,ID
-116.220188,46.627338,Orofino Dent Acres Campground,ID
-116.267536,46.487595,Orofino,ID
-111.39924199999999,42.225829,Paris City Park,ID
-115.79936699999999,46.492258,Pierce,ID
-113.668912,42.621827,Rupert,ID
-116.55738000000001,48.310176,Sandpoint Bonner County Fairground,ID
-112.123278,43.382877,Shelley Food Plaza,ID
-114.411483,42.929424,Shoshone,ID
-114.404426,42.932076,Shoshone,ID
-111.597279,42.656834,Soda Springs,ID
-116.921773,47.160545,Tensed,ID
-114.898288,42.813241999999995,Hagerman,ID
-115.822313,43.825684,Idaho City,ID
-116.93285700000001,43.622475,Homedale,ID
-114.47958600000001,42.559166999999995,Twin Falls,ID
-114.600558,42.570347,Filer,ID
-116.95875,44.248665,Weiser,ID
-117.050324,46.372294000000004,Lewiston,ID
-116.934008,43.781161,Parma,ID
-114.705808,42.772721000000004,Wendell,ID
-116.67398700000001,44.57156,Cambridge,ID
-116.91941899999999,44.804706,Brownlee,ID
-116.44039199999999,44.732343,Council,ID
-116.03030700000001,44.504667,Cascade,ID
-116.414243,43.489670000000004,Kuna,ID
-116.576816,43.604819,Nampa,ID
-116.393977,47.115984999999995,Fernwood,ID
-85.649426,40.422806,Fairmont Water treat plant,ID
-111.16014799999999,43.812214000000004,Tetonia,ID
-114.715107,42.943715000000005,Gooding,ID
-114.15413600000001,43.051916,Richfield,ID
-114.361457,42.535847,Kimberly,ID
-114.79185,43.343086,Fairfield Tourist info,ID
-116.291972,45.646009,Rest Stop,ID
-114.79426699999999,43.345702,Fairfield,ID
-111.89023799999998,42.096757000000004,Preston,ID
-114.53078000000001,42.728472,Jerome Public works,ID
-116.94056100000002,44.093149,Payette,ID
-112.838714,42.944614,Aberdeen,ID
-116.92378899999999,46.548922,Genesee,ID
-112.846197,42.799456,American Falls,ID
-116.764276,46.731777,Troy,ID
-111.45500700000001,44.078686,Ashton Visitor Center,ID
-116.135722,47.542403,Kellogg,ID
-116.781726,47.722204,Coeur d'Alene,ID
-113.946432,43.301946,Carey,ID
-113.61074199999999,43.915362,Mackay,ID
-114.305679,43.513633,Hailey,ID
-83.01485799999999,32.504546000000005,I-16 Rest Area WB,ID
-113.77279899999999,42.607651000000004,Paul,ID
-83.052018,32.509301,I-16 Rest Area EB,ID
-113.766112,42.538810999999995,Burley,ID
-114.13568300000001,42.590931,Hazelton,ID
-116.588415,47.317947,Saint Maries,ID
-112.245806,42.184971999999995,Malad City,ID
-114.210753,44.476368,Challis,ID
-116.62496100000001,46.240140000000004,Winchester,ID
-112.345793,43.191888,Blackfoot next to fire station,ID
-116.914243,48.448353000000004,Coolin,ID
-116.436753,43.638086,Meridian Water Treatment Plant,ID
-116.557369,48.310167,Sandpoint,ID
-113.783324,42.541668,Burley,ID
-87.774117,41.390592,I-57 PRAIRIE VIEW WELCOME CENTER NB SB,IL
-89.248028,40.613465999999995,I-74 MACKINAW DELLS REST AREA EB,IL
-89.228838,40.610164000000005,I-74 MACKINAW DELLS REST AREA WB,IL
-88.050345,41.792702,good CHICAGO Dump water,IL
-88.99542199999999,42.482805,Rest area DUMP last before chicago,IL
-88.509873,42.146521,TA TRUCK Stop,IL
-88.21011999999999,42.069697,Dump au Cabellas,IL
-88.050345,41.792702,good CHICAGO Dump water,IL
-87.975938,41.92223,Addison Water Treat Plant,IL
-88.471176,39.708606,Arthur Water treat plant,IL
-88.165578,41.69607,Naperville Water treat plant,IL
-86.625477,41.703907,I-80/90 TOLLWAY TRAVEL PLAZA EB,IN
-86.620684,41.708040999999994,I-80/90 TOLLWAY TRAVEL PLAZA WB,IN
-85.004791,41.73227,I-80/90 TOLLWAY TRAVEL PLAZA EB WB,IN
-85.32985500000001,41.746257,I-80/90 TOLLWAY PLAZA WB EB,IN
-97.620263,38.484134999999995,I-135 MCPHERSON REST AREA NB SB,KS
-97.327945,37.931548,I-135 SEDGWICK REST AREA SB NB,KS
-95.406512,38.525883,I-35 POMONA REST AREA SB NB,KS
-98.129361,38.85653,I-70 ELLSWORTH REST AREA EB WB,KS
-96.618931,39.066007,I-70 MANHATTAN REST AREA EB WB,KS
-96.120989,39.059768,I-70 PAXICO REST AREA EB WB,KS
-101.911138,39.328643,I-70 GOODLAND WELCOME CENTER EB WB,KS
-101.153035,39.365713,I-70 COLBY REST AREA EB WB,KS
-100.427116,39.099416999999995,I-70 GRAINFIELD REST AREA EB WB,KS
-97.641276,38.961622999999996,US-81 BENNINGTON REST AREA SB NB,KS
-97.040548,37.041671,Arkansas City,KS
-97.656407,39.551482,Concordia,KS
-96.53875699999999,38.371471,Cottonwood Falls,KS
-97.2697,37.525965,DERBY Water treat plant,KS
-95.520641,39.667359000000005,HORTON,KS
-100.32825,37.284164000000004,Meade,KS
-98.733789,37.637926,Pratt,KS
-101.887147,37.003396,Elkhart,KS
-98.154779,39.670288,Jewell,KS
-97.62140500000001,39.82948,Belleville,KS
-97.172863,37.273056,Oxford,KS
-96.512875,37.662669,Beaumont Rest Area,KS
-94.713425,37.81438,Fort Scott,KS
-95.239486,38.288996999999995,Garnett,KS
-95.737246,38.189246000000004,Burlington,KS
-96.843662,37.81769,El Dorado (donation),KS
-96.53598000000001,38.368551000000004,Cottonwood Falls,KS
-98.586917,37.280962,Medicine Lodge,KS
-95.153977,39.554017,Atchison,KS
-96.646097,39.838451,Marysville,KS
-91.721804,30.342665000000004,I-10 BUTTE LA ROSE REST AREA FOLLOW SIGNS EB WB,LA
-89.708188,30.298178999999998,I-10 WELCOME CENTER WB,LA
-94.005904,32.451559,I-20 WELCOME CENTER EB,LA
-92.480451,32.533297999999995,I-20 TREMONT REST AREA EB,LA
-92.442246,32.528268,I-20 TREMONT REST AREA WB,LA
-93.32753100000001,29.783006,Cameron,LA
-90.982938,32.323724,I-20 WELCOME CENTER WB,LA
-92.11895600000001,30.726267,I-49 GRAND PRAIRIE REST AREA FOLLOW SIGNS NB SB,LA
-90.50917199999999,30.984978,I-55 WELCOME CENTER SB,LA
-89.737984,30.324029,I-59 PEARL RIVER REST AREA SB,LA
-70.95223100000001,41.662602,New Bedford,MA
-99.95651099999999,49.861606,good BRANDON DUMP Riverbank Discovery Centre,MB
-76.845375,39.141638,I-95 WELCOME CENTER NB,MD
-68.678904,45.657286,Millinocket,ME
-69.778848,44.302036,Augusta 7:00 AM -3:00 PM,ME
-82.820338,43.421349,Sandusky,MI
-84.68413000000001,43.524358,Shepherd,MI
-83.677922,41.963631,Dundee Cabela`s,MI
-83.124601,42.289032,Detroit (check in),MI
-87.33784,45.700072999999996,Harris,MI
-84.848827,43.183461,Carson City,MI
-94.994113,43.642154999999995,Behind burger king,MN
-84.83462800000001,42.548046,Charlotte,MI
-87.411179,46.543534,? Marquette,MI
-92.21964799999999,46.725596,Holiday Station Store,MN
-94.00023399999999,43.873599,Mapleton,MN
-91.944234,47.714174,Babbitt,MN
-94.389528,44.892912,Hutchinson,MN
-92.468799,44.062018,Rochester,MN
-95.755689,47.574652,Foston,MN
-95.30125,48.906184,Warroad,MN
-92.462838,47.485517,Gilbert,MN
-93.90715,44.521962,Henderson,MN
-94.806612,45.677102000000005,Melrose,MN
-92.840388,44.734190999999996,Hastings,MN
-95.539337,44.806138,Granite Falls,MN
-93.257483,44.68314,Lakeville,MN
-94.00468000000001,44.179035999999996,Mankato,MN
-92.834092,48.046568,ORR Visitor Center,MN
-95.715409,46.290428000000006,Battle Lake,MN
-94.906586,47.494168,Bemidji,MN
-96.3099,44.001585999999996,Pipestone Watertower Park,MN
-93.794685,44.183807,Madison Lake,MN
-93.122927,44.740164,Rosemount,MN
-91.262362,47.290151,Silver Bay,MN
-96.18753199999999,48.108356,Thief River Falls,MN
-96.134582,44.276026,Tyler Side of building,MN
-95.035226,45.108774,Willmar Wastewater Treatment Plant,MN
-94.371306,36.88175,Neosho,MO
-91.89545600000001,39.153428999999996,Mexico,MO
-89.593151,30.311153000000004,I-10 HANCOCK COUNTY WELCOME CENTER,MS
-88.61717900000001,30.438032,I-10 REST AREA WB,MS
-88.625249,30.437461,I-10 REST AREA EB,MS
-88.430313,30.462303000000002,I-10 JACKSON COUNTY WELCOME CENTER WB,MS
-89.694996,32.305658,I-20 SCOTT COUNTY REST AREA WB,MS
-89.44521,32.325507,I-20 SCOTT COUNTY REST AREA EB,MS
-88.530377,32.411233,I-20/59 LAUDERDALE COUNTY WELCOME CENTER WB,MS
-89.970513,34.809358,I-55 HERNANDO WELCOME CENTER SB,MS
-89.839867,33.18486,I-55 WEST REST AREA NB,MS
-89.782925,33.308417,I-55 VAIDEN REST AREA SB,MS
-89.92561500000001,34.246812,I-55 COURTLAND REST AREA NB,MS
-89.92757900000001,34.255327,I-55 COURTLAND REST AREA SB,MS
-90.49646899999999,31.04448,I-55 PIKE COUNTY WELCOME CENTER NB,MS
-90.434031,31.770809000000003,I-55 WESSON REST AREA NB SB,MS
-89.963593,34.766759,I-55 HERNANDO REST AREA NB,MS
-89.671274,30.493785,I-59 PEARL RIVER COUNTY WELCOME CENTER NB,MS
-88.542294,34.909965,US-45 ALCORN COUNTY WELCOME CENTER NB SB,MS
-91.41337,31.554340000000003,Tourist Information Center,MS
-90.46795300000001,34.424753,Welcome Center,MS
-104.044886,47.85818,Fairview,MT
-105.419979,48.793465000000005,Scobey,MT
-115.877882,48.877882,Eureka,MT
-107.61135700000001,45.741439,Hardin,MT
-104.540027,48.771137,Plentywood,MT
-66.66702,48.011111,Campbelton,NB
-65.701973,47.709404,Beresford,NB
-68.228583,47.357212,Saint-Basile,NB
-68.378889,47.426377,St-Jaques,NB
-64.83081800000001,46.097174,Moncton,NB
-65.68118,47.627565999999995,Bathurst,NB
-64.92775400000001,47.794672999999996,Caraquet,NB
-75.666517,35.887287,I-264 Outer Banks Visitors Bureau,NC
-75.547436,35.795133,Nags Head,NC
-75.53236600000001,35.248315999999996,New Bern,NC
-100.444289,47.481507,McClusky,ND
-102.790183,46.89917,Dickinson,ND
-100.120975,47.478171,Goodrich,ND
-102.32176899999999,46.371,Mott,ND
-101.299289,47.118691999999996,Center,ND
-103.609266,48.14955,Williston,ND
-99.113442,47.445174,Carrington,ND
-98.076914,40.02272,Superior,NE
-96.220791,41.786077,Tekamah,NE
-97.82732299999999,42.047026,Tilden,NE
-98.025837,42.1246,Neligh,NE
-98.30784799999999,40.923466999999995,Grand Island Water Treat Plant,NE
-102.86309,42.096381,Alliance,NE
-95.949494,40.161553999999995,Humboldt,NE
-103.322092,41.762126,Bayard,NE
-100.193845,41.414446000000005,Arnold,NE
-100.160282,40.282705,Cambridge,NE
-98.452027,41.218102,Saint Paul,NE
-99.637999,40.247114,Oxford,NE
-102.958043,41.115762,Sidney Cabellas,NE
-96.190614,40.366408,Tecumseh,NE
-75.473512,39.689335,I-295 WELCOME CENTER NB,NJ
-74.08253,40.426922999999995,Belford Middletown Sewerage Authority,NJ
-106.555645,31.803318,Sunland Park Racetrack & Casino,NM
-105.960606,32.903721999999995,Alamogordo Visitor Center,NM
-108.73135800000001,35.534403000000005,Gallup City Park,NM
-107.997142,36.823271000000005,Aztec Fire Department,NM
-106.651132,35.207043,Albuquerque,NM
-106.68419899999999,35.188978000000006,Albuquerque,NM
-106.579976,35.146017,Albuquerque,NM
-106.55196799999999,35.320524,Bernalillo,NM
-106.401699,35.41492,Algodones Casino,NM
-106.61665900000001,35.275368,Rio Rancho,NM
-104.224807,32.410059999999994,Carlsbad,NM
-104.398751,32.847584999999995,Artesia,NM
-60.145628,46.148379999999996,Sydney,NS
-64.923284,44.968641999999996,Greenwood,NS
-62.644707,45.568442,New Glasgow,NS
-65.802526,43.639823,West Pubnico,NS
-116.98181899999999,60.000662,Enterprise,NT
-114.549178,36.422553,Valley of fire,NV
-114.44041899999999,36.540510999999995,Overton,NV
-117.998589,40.787682000000004,I-80 COSGRAVE REST AREA EB WB,NV
-117.57548799999999,41.017703999999995,I-80 BUTTON POINT REST AREA EB WB,NV
-117.13024899999999,40.790587,I-80 VALMY REST AREA EB WB,NV
-119.161055,38.99473,Yerington,NV
-119.182353,38.98908,NV-339 LOG CABIN REST AREA NB SB,NV
-117.452827,38.139674,US-95/US-6 MILLERS REST AREA EB WB,NV
-119.331701,39.60416,Wadsworth REST AREA WB,NV
-80.582102,40.938796,I-76 TP MAHONING VALLEY SERVICE PLAZA EB,OH
-80.590515,40.940092,I-76 TP MAHONING VALLEY SERVICE PLAZA WB,OH
-81.677189,41.292801000000004,I-80 TP TOWPATH SERVICE PLAZA EB,OH
-81.66911,41.290955,I-80 TP TOWPATH SERVICE PLAZA WB,OH
-84.41277,41.604490999999996,I-80/90 TP TIFFIN RIVER SERVICE PLAZA EB,OH
-84.40171600000001,41.60435,I-80/90 TP TIFFIN RIVER SERVICE PLAZA WB,OH
-82.229213,41.377628,I-80/90 TP MIDDLE RIDGE SERVICE PLAZA EB,OH
-82.219364,41.37957,I-80/90 TP MIDDLE RIDGE SERVICE PLAZA WB,OH
-97.190053,34.547638,I-35 DAVIS REST AREA NB,OK
-97.19154499999999,34.551441,I-35 DAVIS REST AREA SB,OK
-97.19004100000001,34.54746,I-35 Rest Stop NB,OK
-97.191548,34.551269,I-35 Rest Stop SB,OK
-98.13036600000001,36.752287,Cherokee,OK
-99.821823,35.229397999999996,I-40 ERICK REST AREA WB,OK
-96.725835,35.384315,I-40 SHAWNEE REST EB WB,OK
-94.878778,36.865794,Miami,OK
-95.488079,35.947731,Wagoner,OK
-95.27771700000001,35.885929,Wagoner,OK
-94.714345,35.428351,I-40 SALLISAW WELCOME CENTER WB,OK
-94.684095,35.409502,I-40 SALLISAW REST AREA EB,OK
-94.845228,36.87621,I-44 WILL ROGERS TP MIAMI SERVICE PLAZA/WELCOME CENTER SB,OK
-101.467692,36.675951,Guymon Visitor Center,OK
-76.377448,45.418137,Stinson Sons Arnprior,ON
-78.666124,43.892692,Port Darlington Water Pollution Control Plant,ON
-81.211526,46.567074,Chelmsford Waste Water Treatment Plant,ON
-75.083951,45.304352,Casselman,ON
-89.263666,48.388061,Thunder Bay,ON
-80.93173900000001,44.584096,Owensound,ON
-81.310914,43.89215,Wingham,ON
-80.39515899999999,42.581583,Long point PP,ON
-92.85061,49.794492,Dryden City,ON
-79.94004,46.365911,Sturgeon Falls,ON
-75.072799,45.305103,Casselman,ON
-79.692359,43.411225,Oakville Wastewater Treatment Plant,ON
-84.318636,46.537867999999996,SAULT ST MARIE ? dump SHELL,ON
-82.932725,46.185286,Blind River Tourist Info,ON
-88.6304,45.555427,Alfred,ON
-84.403954,46.524731,good SAULT ST MARIE Water Treatment Plant,ON
-80.312635,43.342649,good water Churchill Park,ON
-76.65785,44.284622999999996,ON ROUTE Rest,ON
-80.800572,43.065596,ON ROUTE Woodstock in back,ON
-81.032634,46.465957,Sudbury,ON
-80.770284,43.13601,? Woodstock Wastewater Treatment Plant,ON
-78.925895,42.938821000000004,Niagara,ON
-75.96008,44.991620000000005,South Stormont Long Sault Parkway,ON
-76.65525799999999,45.476861,Renfrew Visitor Info,ON
-79.08619300000001,43.123446,Niagara 7 a.m. - 7 p.m,ON
-79.261673,43.200809,Niagara,ON
-75.52223599999999,44.723483,good Prescott Canadian Tire,ON
-75.187943,44.899905,Morrisburg Canadian Tire,ON
-81.21131,48.485359,Timmins,ON
-79.25232,42.906557,Port Colborne 7 a.m. - 7 p.m,ON
-81.018941,46.623296999999994,Val Caron,ON
-81.14981,43.251463,St Marys 8 to 4 PM,ON
-79.538478,43.196045,Grimsby 7 a.m. - 7 p.m,ON
-79.237374,43.006448999999996,Welland 7 a.m. - 7 p.m,ON
-84.403954,46.524731,good SAULT ST MARIE Water Treatment Plant,ON
-82.932725,46.185286,? Blind River Tourist Info,ON
-79.649767,43.572938,Mississauga Works Yard,ON
-78.891827,43.856835,Corbett Creek Water Pollution Control,ON
-78.751358,43.871788,Courtice Pollution Control Plant,ON
-121.346818,45.695258,I-84 MEMALOOSE REST AREA EB,OR
-118.503514,45.600171,I-84 DEADMAN PASS REST AREA WB,OR
-118.013827,45.234967,I-84 CHARLES REYNOLDS REST AREA NB SB,OR
-124.30393600000001,42.066085,US-101 HARRIS BEACH REST AREA NB SB,OR
-119.31979799999999,43.53235,US-20 SAGE HEN REST AREA EB WB,OR
-123.577449,45.057047999999995,good Spirit Mountain Casino,OR
-123.011296,44.923719,Salem (Buy gas),OR
-124.05926200000002,44.63107,NEWPORT good chamber of commerce,OR
-123.12049499999999,44.096214,Eugene,OR
-124.10567900000001,43.703834,Reedsport good Visitor info,OR
-90.50421300000001,30.540527,I-55 Rest Stop SB,OR
-123.266097,44.549408,Corvallis (buy gas),OR
-118.78858500000001,45.668895,Pendleton,OR
-121.51955600000001,45.713535,Hood River,OR
-123.86000700000001,46.182878,Astoria,OR
-123.96044099999999,46.183344,Hammond,OR
-117.924484,45.025287,North Powder,OR
-123.09693500000002,45.519467,Forest Grove,OR
-119.087969,44.416614,Mt Vernon,OR
-124.11028300000001,43.928652,Florence entrance to Jessie M. Honeyman Memorial State Park,OR
-119.291008,45.84463,Hermiston,OR
-124.01465300000001,44.929446999999996,Lincoln City,OR
-123.936029,44.616960999999996,Toledo,OR
-124.068747,44.424085999999996,Waldport,OR
-122.945273,45.496844,Hillsboro,OR
-123.160556,45.222903,McMinnville,OR
-119.088475,44.164468,John Day Rest Area,OR
-122.764812,45.402024,Tigard,OR
-121.134607,44.636071,Madras,OR
-118.788587,45.668896000000004,Pendleton,OR
-119.708977,45.843198,Boardman,OR
-123.539851,44.539851,Philomath Chevron Station,OR
-95.855933,36.259516999999995,Owasso,OK
-124.177802,43.601092,Reedsport William Tugman State Park before gate,OR
-122.814297,42.608177000000005,Shady Cove Chevron,OR
-118.93263600000002,45.133428,Ukiah,OR
-118.18751,44.495342,Unity,OR
-78.083095,40.057536999999996,I-76 TP SIDELING HILL SERVICE PLAZA EB WB,PA
-76.57134599999999,40.207786,I-76 TP LAWN SERVICE PLAZA WB,PA
-75.443087,40.082796,I-76 TP VALLEY FORGE SERVICE PLAZA EB,PA
-76.003208,40.559409,Hamburg Cabellas,PA
-79.498698,47.593205,NOTRE-DAME-DU-NORD,QC
-79.4374,47.462013,Saint-Bruno-de-Guigues,QC
-79.299413,47.426284,LAVERLOCHERE,QC
-79.091821,46.725775,Val-dOr,QC
-79.200388,48.660721,VAL-DOR,QC
-79.046837,48.247335,Rouyn Noranda,QC
-78.128946,48.137383,Malartic,QC
-78.976375,48.224105,Rouyn Noranda,QC
-79.200633,48.810946,La Sarre,QC
-79.200106,48.811240000000005,La Sarre Canadian Tire,QC
-78.10681600000001,48.561011,Amos kiosque du tourisme,QC
-77.770602,48.100502,Val-dOr,QC
-75.50981,46.550986,MONT LAURIER,QC
-75.60426,45.480883,Gatineau Usine d`epuration des eaux usees,QC
-75.585339,45.460091,OTTAWA Gloucester,QC
-74.865139,46.40011,RIVIERE ROUGE,QC
-74.593544,46.205428999999995,MONT-TREMBLANT,QC
-74.21175500000001,46.314468,SAINT-DONAT,QC
-74.334517,45.55454,SAINT-ANDRE-D?ARGETIEUIL,QC
-70.678731,46.130534999999995,St Georges Bce,QC
-77.824877,48.096798,Val-D'Or,QC
-74.114779,45.271778999999995,Salaberry-De-Valleyfield,QC
-74.02631099999999,45.390816,VAUDREUIL-DORION,QC
-73.931753,45.532247,SAINTE-MARTHE-SUR-LE-LAC,QC
-68.196128,48.585945,Mont-Joli Arena,QC
-71.821392,48.660938,church of Saint-Henri-de-Taillon,QC
-70.042334,47.371078999999995,La Pocatiere Ultramar,QC
-73.408526,46.168932,St Félix de Valois,QC
-73.46459499999999,46.049545,St-Charles-Borromée,QC
-74.215625,46.316899,St-Donat de Montcalm,QC
-73.963167,45.395586,Ile-Perrot,QC
-73.429577,46.161254,St-Félix de Valois,QC
-73.86207900000001,45.673615999999996,Blainville,QC
-74.842091,49.777952,Chapais,QC
-77.62445,49.762615999999994,Matagami Garage municipal,QC
-70.511499,47.442036,Baie st paul,QC
-71.295625,46.848839,Québec,QC
-74.343232,45.211059000000006,Riviere Beaudette rest area EB,QC
-72.529092,45.583822,Roxton Falls,QC
-71.653616,48.468887,Saint-Bruno Sonic,QC
-70.940595,45.959658000000005,La guadeloupe garage municipal,QC
-69.406715,48.347782,Les Escoumins,QC
-73.431168,45.670403,Varennes,QC
-71.803837,45.739821,Wotton,QC
-79.43253299999999,47.328596000000005,Ville-Marie,QC
-67.097261,52.805018999999994,Fermont,QC
-73.758351,45.844916,St-Lin,QC
-69.098791,48.726628000000005,Forestville Accueil Touristique,QC
-72.02234200000001,45.784919,Danville,QC
-71.159871,45.711671,stornoway,QC
-73.693025,45.354751,Chateauguay,QC
-73.127061,46.010713,Sorel Tracy,QC
-71.461465,45.707208,Weedon,QC
-73.19125,46.086597,Berthierville Musee Gilles Villeneuve,QC
-74.743101,46.280834999999996,Labelle Station Sonic,QC
-75.977977,46.37758,Maniwaki Centre des loisirs,QC
-74.933991,45.648109000000005,Montebello,QC
-71.685594,48.384997999999996,Hébertville Tourist info,QC
-74.12814200000001,45.17648,Saint-Stanislas-de-Kostka,QC
-68.312488,49.190979,BAIE COMEAU,QC
-72.54424300000001,46.295078000000004,BECANCOUR,QC
-72.75393100000001,45.192248,Cowansville Free with fuel,QC
-75.725887,45.433840999999994,Gatineau Bob Guertin Arena,QC
-73.433464,45.841264,L 'Assomption station de pompage Turgeon,QC
-73.49124599999999,45.735797,Repentigny,QC
-74.284305,45.476334,Information Center of Rigaud,QC
-67.41503,48.4542,Amqui GARAGE J.M VILLENEUVE,QC
-67.221531,48.352886,CAUSAPCAL Accueil touristique,QC
-66.89407299999999,50.025025,Port-Cartier,QC
-66.39708,50.243727,SEPT-ILES,QC
-68.645782,47.577267,marina Degelis,QC
-64.536,48.385484000000005,GRANDE-RIVIERE,QC
-64.477914,48.822635,GASPE service Irving,QC
-64.38517900000001,48.994445,RIVIERE-AU-RENARD,QC
-72.64809,46.63295,St-Georges de Champlain,QC
-71.27005,46.806932,Quebec Rue des Ingénieurs,QC
-71.92019499999999,45.776789,Asbestos,QC
-71.362076,45.908799,Disraeli,QC
-71.348152,46.766289,Cap Rouge,QC
-71.303989,46.891222,Quebec terrain de l'ancien jardin zoologique,QC
-71.703195,46.759951,Pont Rouge,QC
-73.30944000000001,45.577698999999996,st-julie,QC
-72.573512,45.631961,ACTON VALE,QC
-71.940577,45.781332,ASBESTOS Aréna Connie Dion,QC
-71.63194399999999,48.581247,Alma,QC
-71.058716,48.427987,Saguenay (Chicoutimi),QC
-71.302953,46.109821000000004,Thetford Mines,QC
-70.87263,48.325891999999996,LA BAIE,QC
-70.904255,45.589239,LAC MEGANTIC,QC
-71.6513,48.528387,Alma,QC
-70.562259,46.983022999999996,Montmagny,QC
-70.0247,46.74044,SAINTE-LUCIE-de-BEAUREGARD,QC
-68.494529,48.460747,RIMOUSKI,QC
-68.238546,48.607207,SAINTE-FLAVIE,QC
-68.206499,48.594515,Mont-Joli,QC
-68.16281,49.210581,BAIE-COMEAU,QC
-73.898081,45.820033,Sainte-Sophie,QC
-68.144633,49.226486,Baie-Comeau,QC
-71.669358,48.691297999999996,L'Ascencion,QC
-67.533794,48.852007,MATANE,QC
-67.435224,48.462568,AMQUI,QC
-72.14806800000001,45.262274,Magog La Capitainerie,QC
-71.07339300000001,45.392317,Notre-Dame-des-Bois Community center,QC
-71.994375,45.572893,Windsor J-A Lemay Sports Center,QC
-71.717012,46.68246,Donnacona,QC
-71.976256,45.377531,Sherbrooke (Rock-Forest),QC
-71.63197199999999,46.545882,Laurier-Station ULTRAMAR,QC
-71.90970899999999,45.384706,Sherbrooke PARC MONT-BELLEVUE Rue Lalemant,QC
-71.853499,45.432021,Sherbrooke (Fleurimont),QC
-71.908741,45.377315,Sherbrooke,QC
-71.31365,48.54377,St-Ambroise LE GEANT MOTORISE INC,QC
-71.799539,45.146295,COATICOOK,QC
-71.35035400000001,46.791314,L'Ancienne-Lorette,QC
-71.35064100000001,46.068963000000004,Black Lake,QC
-71.009342,46.432214,Sainte-Marie Beauce,QC
-71.182057,46.881975,Quebec (Beauport),QC
-73.784424,45.262503,Sainte-Martine,QC
-74.181573,45.885719,Saint-Sauveur,QC
-71.082803,48.380121,Chicoutimi,QC
-64.424782,48.407728999999996,Sainte-Thérèse-de-Gaspé,QC
-71.17978000000001,46.75483,Levis,QC
-72.33098000000001,48.588809999999995,St-Prime,QC
-72.566637,46.725425,St-Tite,QC
-73.203032,45.549165,Otterburn Park,QC
-74.60298399999999,46.174779,Mont-Tremblant,QC
-72.533052,45.894277,DRUMMONDVILLE,QC
-72.217826,48.534627,ROBERVAL Club De Curling,QC
-72.649529,45.333271,BROMONT,QC
-72.523701,45.341867,WATERLOO Garage Municipal,QC
-72.079052,48.433279999999996,Chambord COUCHE-TARD,QC
-75.245521,45.270559999999996,Embrun,QC
-72.785389,47.416191,La Tuque,QC
-79.43253,47.328616,Ville Marie,QC
-70.207926,47.687594,Clermont Caravane Charlevoix,QC
-74.454308,45.298761,Dalhousie Station,QC
-72.144237,46.204840999999995,Daveluiville,QC
-71.87198000000001,48.41818,Metabetchouan,QC
-71.838289,46.890816,Saint-Raymond,QC
-71.990387,45.952933,Warwick,QC
-71.950717,46.065171,Victoriaville,QC
-71.917862,46.046904999999995,Victoriaville,QC
-72.458875,48.652549,St-Félicien,QC
-72.649647,48.712408,Municipalité de La Doré (Complexe Sportif),QC
-71.104108,48.636902,St-David-de-Falardeau,QC
-71.667775,48.529901,ALMA Depanneur Vaillancourt (Sonic),QC
-71.869325,46.166742,PRINCEVILLE,QC
-73.80914200000001,45.756989000000004,SAINTE-ANNE-DES-PLAINES,QC
-73.868515,45.569353,SAINT-EUSTACHE,QC
-73.831896,45.603522999999996,BOISBRIAND,QC
-73.83555600000001,45.575463,Laval (Fabreville),QC
-73.74861899999999,45.658637,Laval (Auteuil),QC
-73.674863,45.729286,TERREBONNE,QC
-73.576216,45.953139,SAINT-JACQUES,QC
-73.62026999999999,45.711158000000005,LACHENAIE,QC
-73.287137,45.889216,lavaltrie,QC
-73.374218,46.297012,st gabriel,QC
-73.841329,45.634353999999995,Sainte-Thérèse,QC
-73.731144,45.215169,Saint-Urbain-Premier,QC
-73.645323,45.630072,Laval (Duvernay),QC
-73.73554,45.326937,Mercier,QC
-75.456216,46.701406,Ferme-Neuve,QC
-73.68895699999999,45.436329,LACHINE Montréal,QC
-71.998736,45.556467,Windsor,QC
-73.454229,46.003194,JOLIETTE,QC
-73.48959,45.71928,Charlemagne,QC
-75.676575,45.502621999999995,Gatineau Ultramar (buy gas),QC
-72.77727,45.371875,Granby,QC
-73.49946800000001,45.397354,La Prairie,QC
-73.631551,45.262916,St-Remi,QC
-73.44922,45.748847,REPENTIGNY,QC
-73.444047,45.609388,Boucherville,QC
-73.413719,45.478906,Longueuil (Saint-Hubert),QC
-71.523424,48.676045,Labrecque,QC
-73.32929,45.58982,SAINTE-JULIE,QC
-73.23487,45.86015,CONTRECO0EUR,QC
-73.132503,46.017804,Sorel-Tracy,QC
-71.57333,46.114148,St-Ferdinand,QC
-73.501295,45.239022,St-Edouard de Napierville,QC
-73.286827,45.447449,Chambly (buy fuel,QC
-70.50984,46.400726,Lac-Etchemin,QC
-74.328245,45.652245,Lachute,QC
-65.979375,48.177717,Maria,QC
-72.144389,45.635375,Melbourne,QC
-73.428106,46.048947,Notre Dame des Prairies,QC
-71.76620799999999,46.214043,Plessisville,QC
-69.284002,47.490241,Pohénégamook,QC
-73.104566,46.040046000000004,Sorel-Tracy,QC
-73.287949,45.329516999999996,St-Jean-Sur-Richelieu ( ST-LUC),QC
-72.785053,47.423031,LATUQUE,QC
-73.932727,45.31597,Melocheville Esso Station in back,QC
-73.157348,45.435311,MARIEVILLE,QC
-73.10181,45.60402,SAINTE-MADELEINE,QC
-72.763245,46.569633,Shawinigan COUCHE-TARD,QC
-73.159159,45.786054,Saint-Denis-sur-Richelieu,QC
-73.25822600000001,45.486086,Saint-Mathias-sur-Richelieu,QC
-73.01173,45.52413,St-Damase,QC
-72.755938,46.516420000000004,SHAWINIGAN Arena Gilles Bourassa,QC
-69.820431,47.531585,Saint-Pascal Ministery of transports,QC
-74.029236,45.781737,St-Jérome,QC
-72.87577399999999,46.262533000000005,YAMACHICHE,QC
-73.01193,45.41422,Saint-Cesaire,QC
-72.933869,45.630390000000006,SAINT-HYACINTHE,QC
-71.09134300000001,45.784853000000005,Saint-Romain,QC
-72.693692,46.607744,SHAWINIGAN (GRAND-MERE Garage minicipal),QC
-72.99332199999999,45.288073,Farnham,QC
-72.987674,45.12559,BEDFORD,QC
-71.94998000000001,45.480348,Bromptonville,QC
-76.60000500000001,45.730403,Campbell's Bay,QC
-72.60794,46.3713,MARCHÉ DU BOISE (ULTRAMAR) Trois-Rivieres,QC
-77.748962,48.099045000000004,Val d'Or,QC
-72.314131,45.481004,Valcourt,QC
-72.461283,48.655026,St-Felicien IGA eau seulement,QC
-72.73782,45.73277,Sainte-Helene-de-Bagot,QC
-72.522288,46.373395,Trois-Rivieres Garage Municipal,QC
-72.749313,45.404315000000004,Granby,QC
-79.34831700000001,34.467775,I-95 DILLON WELCOME CENTER SB,SC
-96.787401,42.78608,I-29 VERMILLION REST AREA NB SB,SD
-97.01631400000001,45.40445,I-29 WILMOT REST AREA INFORMATION CENTER NB SB,SD
-96.859509,45.909903,I-29 GLACIAL LAKES REST AREA INFORMATION CENTER SB,SD
-96.75702,44.152571,I-29 WARD ROAD REST AREA NB SB,SD
-104.041043,44.545654,I-90 SPEARFISH WELCOME CENTER EB,SD
-101.235485,43.842454,I-90 BELVIDERE REST AREA EB,SD
-101.19915300000001,43.855121999999994,I-90 BELVIDERE REST AREA WB,SD
-98.621139,43.70863,I-90 WHITE LAKE REST AREA EB WB,SD
-103.421531,44.279967,I-90 TILFORD REST AREA NB,SD
-103.426366,44.286432,I-90 TILFORD REST AREA SB,SD
-102.43607800000001,44.063765000000004,I-90 WASTA REST AREA EB WB,SD
-100.206312,43.912203000000005,I-90 PRESHO REST AREA EB,SD
-100.141339,43.898348999999996,I-90 PRESHO REST AREA WB,SD
-97.418909,43.666569,I-90 SALEM REST AREA EB WB,SD
-96.45665699999999,43.609241,I-90 VALLEY SPRINGS WELCOME CENTER WB,SD
-99.33766899999999,43.783448,I-90 CHAMBERLAIN REST AREA EB WB,SD
-97.016262,45.404317999999996,SR-15 WHETSTONE VALLEY REST AREA INFORMATION CENTER EB/WB,SD
-98.01594200000001,43.688085,Mitchell Cabellas,SD
-103.85200400000001,44.673714000000004,Belle Fourche,SD
-96.59557099999999,43.573871999999994,Brandon,SD
-97.116364,43.996763,Madison,SD
-100.36655400000001,44.351152,Pierre,SD
-108.799462,50.063235999999996,good TOMPKINS DUMP water,SK
-104.617325,50.40809,? REGINA Petro Can,SK
-101.648441,50.141037,Moosomin West of tim horton,SK
-100.741377,30.614428000000004,I-10 SUTTON COUNTY REST AREA EB,TX
-100.748723,30.616313,I-10 SUTTON COUNTY REST AREA WB,TX
-99.026384,30.05364,I-10 KERR COUNTY REST AREA EB WB,TX
-100.614863,34.829621,US-287 DONLEY COUNTY REST AREA NB SB,TX
-100.903277,29.383090999999997,Del Rio,TX
-101.34222,33.993471,Floydada,TX
-97.297347,27.431016999999997,Padre Island,TX
-98.714822,33.965699,US 287 REST AREA NB SB,TX
-113.442976,37.164769,? DUMP free with gas,UT
-113.271898,37.209736,? DUMP free with gas,UT
-109.54338999999999,38.55874,? MOHAB DUMP Gas North of building water on building,UT
-112.31022800000001,40.514268,Tooele,UT
-110.81306699999999,39.586344,Sinclair,UT
-111.61963100000001,40.176095000000004,Springville Waste Treatment Plant,UT
-111.832489,40.594057,SANDY,UT
-111.940704,40.694258000000005,DUMP Water State Trailer Supply,UT
-109.72024099999999,40.988588,Manila,UT
-112.257842,37.608534999999996,Panguitch,UT
-112.68091499999998,37.224201,Orderville,UT
-112.645894,38.251721,Beaver (buy gas),UT
-111.977905,40.706779,good DUMP Water Granger-Hunter Improvement,UT
-112.075829,40.725687,good SALT LAKE CITY Water treatment plant,UT
-111.978241,41.069526,DUMP Water Fast track car wash,UT
-109.55153500000002,38.579965,Moab,UT
-112.05928200000001,41.138665,good Dump Water Clinton Near walmart,UT
-110.83436,39.596112,Saratoga Springs,UT
-110.85556399999999,39.684251,Helper,UT
-112.043877,41.522486,good DUMP Water Brigham City Water Department,UT
-110.148969,38.99575,GREEN RIVER GRAND Pilot avec dump arriere,UT
-112.02405300000001,41.30772,Ogden,UT
-110.416903,39.544073,East Carbon,UT
-111.13165500000001,39.086214,Ferron,UT
-116.472103,40.678362,Beowawe,NV
-122.668687,45.771041,I-5 GEE CREEK REST AREA NB,WA
-122.68001000000001,45.802193,I-5 GEE CREEK REST AREA SB,WA
-122.321155,47.26574,I-5 SEATAC REST AREA NB,WA
-122.213507,47.904153,I-5 SILVER LAKE REST AREA SB,WA
-122.191099,48.166913,I-5 SMOKEY POINT REST AREA NB,WA
-122.192683,48.172579999999996,I-5 SMOKEY POINT REST AREA SB,WA
-119.79073799999999,46.220949,I-82 PROSSER REST AREA EB WB,WA
-120.44322700000001,46.96953,I-82 SELAH CREEK REST AREA WB,WA
-120.41824,46.713102,I-82 SELAH CREEK REST AREA EB,WA
-119.61175700000001,47.104045,I-90 WINCHESTER REST AREA EB,WA
-119.63074399999999,47.103697,I-90 WINCHESTER REST AREA WB,WA
-118.027925,47.296890999999995,I-90 SPRAGUE LAEK REST AREA EB,WA
-118.03831699999999,47.286898,I-90 SPRAGUE LAEK REST AREA WB,WA
-118.85148999999998,47.086058,I-90 SCHRAG REST AREA EB,WA
-118.836601,47.086344,I-90 SCHRAG REST AREA WB,WA
-122.988524,46.833169,Rest Area NB,WA
-122.968852,46.8728,Rest Area SB,WA
-119.729754,46.637756,SR-24 VERNITA REST AREA NB/SB,WA
-120.791898,47.765591,US-2 NASON CREEK REST AREA EB WB,WA
-118.74067,46.791824,US-395 HATTON COULEE REST AREA NB SB,WA
-122.607398,48.518932,ANACORTES Wastewater Treatment plant,WA
-122.673222,47.549571,BREMERTON Wastewater Treatment plant,WA
-122.175876,48.048453,MARYSVILLE,WA
-118.736818,48.642307,Republic,WA
-123.354919,47.016095,I-8 Elma Rest Area EB,WA
-120.840399,47.160131,I-90 CLE ELUM Indian John Hill Rest Stops WB,WA
-120.85321100000002,47.161668,I-90 CLE ELUM Indian John Hill Rest Stops EB,WA
-122.33889599999999,48.425647999999995,Mount Vernon,WA
-122.90063,46.264928000000005,Castle Rock,WA
-117.562673,47.653316,Airway Heights,WA
-122.519593,48.787321999999996,good DUMP water gas,WA
-124.16065800000001,47.007964,Ocean Shores,WA
-117.189174,46.736639000000004,Pullman,WA
-122.38141399999999,45.578573,Washougal,WA
-122.899639,47.049011,Olympia,WA
-122.948577,46.11942,Longview,WA
-122.643252,47.503106,Port Orchard (buy gas),WA
-120.540231,46.968455,Ellensburg,WA
-119.52093,48.408587,Omak,WA
-91.390739,44.934703999999996,Chippewa Falls Visitor center,WI
-88.81791899999999,43.010216,Jefferson County Fair Park,WI
-81.999391,38.44905,I-64 HURRICANE REST AREA EB WB,WV
-79.49170500000001,39.662479,I-68 WELCOME CENTER WB,WV
-80.53255300000001,40.092529,I-70 WELCOME CENTER WB,WV
-81.067268,37.472008,I-77 TP BLUESTONE TRAVEL PLAZA NB,WV
-81.548333,39.131788,I-77 MINERAL WELLS REST AREA NB SB,WV
-80.902307,38.619440999999995,I-79 SERVIA REST AREA EB,WV
-80.897036,38.620164,I-79 SERVIA REST AREA WB,WV
-80.596611,38.911839,I-79 BURNSVILLE REST AREA EB,WV
-80.591149,38.912969,I-79 BURNSVILLE REST AREA WB,WV
-80.25332399999999,39.313534999999995,I-79 MEADOWBROOK REST AREA NB,WV
-80.25105500000001,39.315627,I-79 MEADOWBROOK REST AREA SB,WV
-110.93408500000001,42.729787,Afton Tourist Info Center,WY
-110.93485700000001,41.265816,I-80 BEAR RIVER WELCOME CENTER,WY
-104.852369,41.102496,I-25 CHEYENNE WELCOME CENTER NB SB,WY
-104.82794399999999,41.756758000000005,I-25 CHUGWATER REST AREA NB SB,WY
-105.01455700000001,42.233409,I-25 DWYER JUNCTION REST AREA NB SB,WY
-105.20018999999999,42.656811,I-25 ORIN JUNCTION REST AREA SB NB,WY
-106.932372,44.805651,I-90 SHERIDAN WELCOME CENTER NB SB,WY
-104.340094,44.41341,I-90 SUNDANCE WELCOME CENTER EB WB,WY
-109.03948600000001,44.513205,good DUMP Cody municipal RV dump,WY
-107.11013600000001,44.160812,good Leigh Creek RV Dump Station,WY
-105.49296000000001,44.265387,good Dalbey Memorial Park,WY
-106.69085600000001,44.354936,Buffalo,WY
-111.01822800000001,43.172857,Alpine Nordic Market (gas),WY
-109.45628500000001,41.515359000000004,Green River Water Treat Plant,WY
-108.74060700000001,44.757591999999995,Powell,WY
-108.725835,42.828646,Lander,WY
-104.835325,41.160432,Cheyenne,WY
-107.13818300000001,42.492782,Alcova Rest Area,WY
-106.778474,42.531221,Alcova,WY
-105.39202399999999,42.762817,Douglas,WY
-107.51526000000001,44.774109,Burgess Junction,WY
-104.95313999999999,42.047826,Wheatland,WY
-104.357778,41.187311,Burns,WY
-104.222814,43.851276,Newcastle,WY
-110.370176,44.563612,Yellowstone National Park,WY
-135.069109,60.73213199999999,Whitehorse,YT
-132.70873600000002,60.167297999999995,Teslin,YT
-113.54126000000001,32.799178000000005,Dateland,AZ
-116.439935,34.231953000000004,Yucca Valley,CA
-115.96518300000001,33.278979,Thermal,CA
-90.88205,46.59605,Ashland,WI
-89.727523,43.459223,Baraboo,WI
-91.41074,44.926815000000005,Chippewa Falls,WI
-89.434585,43.528495,Portage,WI
-89.98346,43.533253,Reedsburg,WI
-90.388571,43.330571,Richland Center,WI
-89.834825,44.371898,Wisconsin Rapids,WI
-112.00237,34.721968,Cottonwood,AZ
-114.89321000000001,33.47252,Blythe,CA
-120.060804,36.735366,Kerman,CA
-119.37200000000001,37.872026,Yosemite,CA
-118.84933000000001,37.595945,Mammoth Lakes,CA
-106.30283600000001,39.239914,Leadville,CO
-107.052204,37.268073,Pagosa Springs,CO
-106.08731100000001,39.665951,Silverthorne,CO
-63.407458999999996,46.497054,Before park entrance,PEI
-114.377858,43.717783000000004,Ketchum,ID
-120.505777,46.567192999999996,Union Gap,WA
-97.97316,35.530815999999994,El Reno,OK
-111.66391000000002,33.439662,Pheonix,AZ
-108.73527299999999,42.824219,Lander,WY
-97.85538000000001,40.612012,Sutton,NE
-92.428987,40.747243,Bloomfield,IA
-112.02591000000001,41.106320000000004,Clearfield,UT
-117.454146,33.961838,Riverside,CA
-55.158044999999994,47.177368,St-Maries,NL
-122.60173400000001,45.370676,Oregon City,OR
-94.67376999999999,31.35577,Lufkin,TX
-114.16242700000001,49.58576,Lundbreck,AB
-114.35958500000001,49.570651,Bellevue,AB
-113.39478799999999,49.725122999999996,Fort Macleod,AB
-121.889995,45.693348,Stevenson,WA
-121.19833899999999,45.626231,The Dalles,OR
-66.399692,48.035021,Dalhousie truck stop,NB
-118.622447,38.525240999999994,Hawthorne,NV
-122.23536000000001,48.496124,Sedro-Woolley,WA
-92.442892,42.468275,Cedar Falls,IA
-94.685422,41.878295,Coon Rapids,IA
-93.32471,40.764108,Corydon,IA
-92.207684,42.965244,Fredericksburg,IA
-96.486947,43.000928,Hawarden,IA
-90.66506600000001,42.056032,Maquoketa,IA
-91.07375400000001,41.407201,Muscatine,IA
-91.286958,43.498625,New Albin,IA
-94.109473,41.834334999999996,Perry,IA
-93.931083,42.270604999999996,Stratford,IA
-91.129683,41.764975,Tipton,IA
-103.439596,49.885288,Filmore,SK
-114.52800900000001,50.63921,Millarville,AB
-109.24816799999999,45.175835,Red Lodge,MT
-79.914479,46.369040999999996,Sturgeon Falls,ON
-81.43295400000001,43.734541,Blyth,ON
-74.61348199999999,46.180556,Mont Tremblant potable water only,QC
-72.941567,46.254753,Louisville,QC
-73.016421,46.425636,St-Paulin,QC
-69.541919,47.851037,Riviere du Loup,QC
-68.163257,48.431196,Saint-Gabriel,QC
-72.775717,45.223346,Cowansville,QC
-89.354564,48.3499,Thunder Bay,ON
-71.234431,48.401892,Jonquiere,QC
-76.206785,45.219288,Almonte,ON
-106.92506200000001,37.843946,Creede,CO
-127.42129299999999,50.696615,Port Hardy,BC
-100.728688,46.829053,Bismarck,ND
-96.83524799999999,46.889713,Fargo,ND
-101.51550300000001,48.763323,Mohall,ND
-101.850161,46.813978000000006,Glen Ullin,ND
-107.82186100000001,50.286627,Husky truck stop,SK
-104.531274,50.450961,Husky Travel Centre Regina,SK
-119.271048,50.27006,Vernon Visitor center,BC
-98.292884,49.964896,good Portage laprairie,MB
-113.374127,52.976688,Westerose,AB
-113.642925,52.8965,Wetaskiwin,AB
-112.70571000000001,51.459563,Can Tire Drumheller,AB
-119.47851999999999,49.036365999999994,Osoyoos,BC
-117.65139599999999,49.295755,Castlegar,BC
-118.206973,49.044678000000005,Christina Lake,BC
-114.88536599999999,49.730838,Sparwood,BC
-112.53225,49.502601,Stirling,AB
-115.839615,51.243005,inside park,AB
-104.493651,52.412924,Naicam,SK
-105.099639,51.857712,Lanigan,SK
-103.285381,50.423662,Wolseley esso tourist info,SK
-124.52965400000001,49.845857,Powell River,BC
-112.16684599999999,37.633322,BRYCE CANYON,UT
-111.73748400000001,40.278683,OREM,UT
-103.16236500000001,44.100148,Rapid City CABELLAS in back,SD
-99.338289,43.785191,Chamberlain info/rest area,SD
-98.343451,43.322967,Armour,SD
-74.959873,44.991553,Ingleside,ON
-110.488525,44.736136,Canyon Village Campground,WY
-108.417273,37.296219,Mesa Verde,CO
-110.99498100000001,32.285603,Tucson,AZ
-93.303678,43.605933,Albert Lea,MN
-111.61961200000002,40.176109000000004,Springville,UT
-111.73211699999999,40.061033,Payson,UT
-72.27534,42.891195,Waukesha,WI
-115.38376000000001,36.129775,Red Rock Canyon,NV
-106.768565,34.685967,Belen,NM
-106.77413899999999,34.697846999999996,Belen,NM
-106.61658700000001,35.27532,Rio Rancho,NM
-106.692254,35.241847,Rio Rancho,NM
-108.24826499999999,32.713995000000004,Silver City,NM
-112.933412,46.126661999999996,Anaconda,MT
-104.28031899999999,46.36715,Maker,MT
-112.507746,45.969465,Butte,MT
-112.487249,45.990183,Butte,MT
-115.053721,48.878001,Eureka,MT
-107.285627,33.118899,Truth or Consequences,NM
-108.242479,33.22448,Silver City,NM
-106.01615100000001,33.062698,Tularosa,NM
-64.721198,44.045137,Liverpool,NS
-102.267329,50.334747,Whitewood,SK
-117.27971299999999,55.030738,Valleyview,AB
-104.879773,41.05702,Cheyenne Welcome center,WY
-111.8928,40.439455,Cabellas,UT
-77.249735,48.385555,Senneterre,QC
-72.029771,46.483610999999996,Fortierville,QC
-71.616765,46.374034,lyster,QC
-72.377635,46.109446999999996,Saint-Léonard-dAston,QC
-72.32538000000001,46.166728000000006,Saint-Wenceslas,QC
-70.521355,47.448504,Baie St-Paul,QC
-72.18710899999999,48.248988,Lac Bouchette,QC
-70.569063,47.301801,Petite-Rivière-Saint-François,QC
-47.689314,47.689314,Saint-Aimé-des-Lacs,QC
-70.539464,47.55875,Saint-Urbain,QC
-70.241063,47.193391,st-jean port joli,QC
-63.593109,50.245506,havre st pierre,QC
-69.80040799999999,48.233127,Sacre-Coeur Saguenay,QC
-61.864971,47.378374,Depanneur du village Cap-aux-Meules,QC
-67.34212099999999,48.42006,Lac-au-Saumon,QC
-61.91299300000001,47.372049,etang du nord,QC
-48.847473,48.847812,Matane,QC
-72.688705,46.611796000000005,grand mere,QC
-72.940416,46.252596000000004,Louisville,QC
-72.602276,46.329853,? trois riviere,QC
-71.85974,48.721933,Sainte-Monique-Lac-Saint-Jean,QC
-70.913981,48.453718,Saint-Fulgence,QC
-116.74623000000001,51.973627,Lake Louise,AB
-111.41231699999999,44.35556,Island Park,ID
-116.01866100000001,33.351915999999996,casino Salton Sea Beach,CA
-61.089576,45.59212,Richmond,NS
-105.93371,40.083061,Granby,CO
-61.088952,45.59186,Louisdale,NS
-114.39614499999999,62.442009999999996,yellowknife,NT
-111.203492,43.339702,Palisades,ID
-83.98115,42.07076,Clinton,MI
-90.162452,29.887657,westwago,LA
-93.419113,47.291036,Bovey,MN
-93.603215,46.986819,Hill City,MN
-93.16747099999999,47.383362,Nashwauk,MN
-85.339893,42.928371999999996,$ Lowell,MI
-109.73833799999998,38.486256,dead horse st park,UT
-98.68038100000001,36.806162,Alva,OK
-95.93996,36.74982,Bartlesville,OK
-98.400001,34.621105,Lawton,OK
-97.378757,35.365190000000005,Lake Stanley Draper,OK
-86.77205500000001,33.158793,Camping World of Birmingham Gsam,AL
-85.432878,31.219628000000004,Camping World-Dothan Gsam,AL
-87.708174,30.535040000000002,Camping World-Robertsdale Gsam,AL
-110.91781499999999,32.165818,Camping World-Tucson Gsam,AZ
-92.139939,34.784054,Camping World-North Little Rock Gsam,AR
-118.5704,34.3817,Camping World-Valencia Gsam,CA
-86.9629,30.404,Camping World-Gulf Breeze Gsam,FL
-83.745441,32.653026000000004,Camping World-Byron Gsam,GA
-81.235825,32.108578,Camping World-Pooler Gsam,GA
-112.059816,43.488464,Camping World-Idaho Falls Gsam,ID
-88.17898000000001,42.266892,Camping World-Chicago Gsam,IL
-84.917861,39.859183,Camping World-Richmond Gsam,IN
-92.443718,42.467898,Camping World-Cedar Falls Gsam,IA
-95.874865,41.235051,Camping World-Council Bluffs Gsam,IA
-86.42249,36.92301,Camping World-Bowling Green Gsam,KY
-90.545994,30.482884000000002,Camping World-Hammond Gsam,LA
-85.668537,42.827993,Camping World-Grand Rapids Gsam,MI
-92.203008,38.960408,Camping World-Columbia Gsam,MO
-94.224786,39.025095,Camping World-Grain Valley Gsam,MO
-93.105377,37.271817999999996,Camping World-Springfield Gsam,MO
-76.2836,43.1099,Camping World-Syracuse Gsam,NY
-82.51587099999999,35.404512,Camping World-Asheville Gsam,NC
-79.997874,36.094438000000004,Camping World-Colfax Gsam,NC
-78.927594,34.947796000000004,Camping World-Fayetteville Gsam,NC
-80.860787,35.767146999999994,Camping World-Statesville Gsam,NC
-84.529206,39.337239000000004,Camping World-Fairfield Gsam,OH
-83.588977,41.558129,Camping World-Rossford Gsam,OH
-122.415953,45.542502,Camping World-Wood Village Gsam,OR
-76.7333679,40.3333206,Camping World-Harrisburg Gsam,PA
-80.043511,32.955057000000004,Camping World-Charleston Gsam,SC
-81.126543,34.053247999999996,Camping World-Columbia Gsam,SC
-82.026553,35.009006,Camping World-Spartanburg Gsam,SC
-103.328181,44.180288,Camping World-Rapid City Gsam,SD
-98.07147900000001,29.735421999999996,Camping World-New Braunfels Gsam,TX
-96.607376,33.6149,Camping World-Sherman Gsam,TX
-111.96039099999999,41.047343,Camping World-Kaysville Gsam,UT
-79.962329,37.35892,Camping World-Roanoke Gsam,VA
-78.190895,39.124774,Camping World-Winchester Gsam,VA
-122.334,48.4884,Camping World-Burlington Gsam,WA
-117.140629,47.666127,Camping World-Spokane Gsam,WA
-89.326135,43.184031,Camping World-Madison Gsam,WI
-87.92456,43.38582,Camping World-Saukville Gsam,WI
-115.02226200000001,47.233647,NF campgr $2,MT
-95.60753100000001,43.610563,Worthington,MN
-100.811351,46.825029,Bismarck,ND
-112.92303600000001,46.126956,Anaconda,MT
-110.11126100000001,48.179884,Big Sandy,MT
-108.52814199999999,45.752997,Billings Cabellas,MT
-108.61325900000001,45.731517,Billings,MT
-111.186291,45.672095,Bozeman,MT
-111.046873,45.694168,Bozeman gas,MT
-110.95963,48.514137,Chester,MT
-112.735822,46.403617,Deer Lodge,MT
-112.627683,45.228763,Dillon,MT
-108.75654899999999,48.481463,Fort Belknap,MT
-111.289768,47.524288,Great Falls,MT
-112.013902,46.618052,Helena,MT
-109.24673100000001,45.194385,Red Lodge,MT
-99.330268,34.65213,Altus,OK
-98.962333,35.516135999999996,Clinton,OK
-97.96191,35.599678000000004,Concho,OK
-97.964861,34.485048,Duncan,OK
-97.53423199999999,35.607144,Cabela's Oklahoma City,OK
-97.094022,36.737418,Ponca City,OK
-112.778401,42.949985,Aberdeen,ID
-115.785098,47.250541,Avery,ID
-112.34199199999999,43.198671999999995,Blackfoot,ID
-115.99851899999999,43.384985,Boise,ID
-116.31668300000001,48.695890999999996,Bonners,ID
-112.127045,42.431922,Downey,ID
-116.493407,43.860603000000005,Emmett,ID
-115.98038000000001,42.945527,Grand View,ID
-115.951277,42.934705,Grand View,ID
-119.48723400000002,46.26338,Benton City,WA
-122.66598,47.631597,Bremerton,WA
-122.337778,48.508183,Burlington,WA
-122.944254,46.637478,Chehalis,WA
-117.45263600000001,47.954522999999995,Deer Park gas,WA
-123.02393400000001,48.537965,Friday Harbor,WA
-118.11974199999999,48.599064,Kettle Falls,WA
-122.94848799999998,46.119424,Longview,WA
-90.314149,44.928188,Abbotsford,WI
-87.44107,44.611686,Algoma,WI
-88.07768399999999,44.507523,Ashwaubenon Cabela's,WI
-89.728272,43.475417,Baraboo (gas),WI
-92.14431400000001,45.398621,Clayton,WI
-91.5392,44.784671,Eau Claire,WI
-87.984317,44.52786,Green Bay,WI
-88.071309,44.54231,Green Bay,WI
-90.343728,45.131066,Medford,WI
-91.936166,44.875777,Menomonie,WI
-90.645113,46.591341,Odanah,WI
-88.556352,44.02005,Oshkosh,WI
-90.56064,44.946847999999996,Owen,WI
-89.423728,45.629537,Rhinelander,WI
-91.763975,45.510551,Rice Lake,WI
-90.38855699999999,43.330965,Richland Center,WI
-92.608919,44.864303,River Falls,WI
-89.732223,43.271146,Sauk City,WI
-90.816946,43.935776000000004,Sparta,WI
-88.249365,42.998207,Waukesha,WI
-110.96222900000001,42.487671999999996,Teton National Forest,WY
-111.978797,33.741378000000005,Cave Creek,AZ
-112.00244099999999,34.721969,Cottonwood,AZ
-109.560895,31.346635,Douglas,AZ
-111.662029,35.188666,Flagstaff,AZ
-111.622997,35.192374,Flagstaff,AZ
-112.672651,32.930073,Gila Bend,AZ
-111.483352,36.909009999999995,Page,AZ
-111.313129,34.241172,Payson,AZ
-111.322501,34.267629,Payson,AZ
-111.20550300000001,33.723248999999996,Roosevelt,AZ
-110.840901,32.140406,Tucson,AZ
-149.88051299999998,61.137246,Anchorage,AK
-97.364824,31.074679999999997,Temple,TX
-102.397912,34.83469,Hereford,TX
-102.746273,34.237626,Muleshoe,TX
-115.13429199999999,38.389788,Ely,NV
-111.496974,36.997417,Page,AZ
-94.921001,36.921001000000004,Miami,OK
-120.20720700000001,55.74596,Dawson Creek,BC
-76.331457,37.073968,Hampton,VA
-111.736981,43.580944,Ririe,ID
-112.234384,44.177088,Dubois,ID
-108.165701,43.402699,Shoshoni,WY
-102.2757,33.172540999999995,Brownfield,TX
-102.374897,33.553146000000005,Levelland,TX
-102.327034,33.912467,Littlefield,TX
-102.745989,34.238157,Muleshoe,TX
-101.39631999999999,35.653372,Borger,TX
-108.35976299999999,43.019675,Riverton 7am to 5 pm,WY
-116.174108,47.544429,Smelterville,ID
-114.645772,50.910636,Bragg Creek,AB
-118.141273,48.286749,Gifford,WA
-119.20166100000002,39.380417,Silver Springs,NV
-103.791702,40.247642,Fort Morgan,CO
-74.801508,39.996415,Mount Holly,NJ
-113.31829599999999,53.831679,Gibbons,AB
-124.80357099999999,49.252673,Port Alberni,BC
-114.51541399999999,42.689765,Jerome,ID
-80.086258,43.918205,Orangeville,ON
-113.311856,37.176655,Hurricane,UT
-99.125977,26.564652000000002,Falcon County Park,TX
-114.625243,32.674668,Yuma,AZ
-70.885653,46.312094,St Joseph Bce,QC
-149.87983799999998,61.128251,Anchorage Cabellas,AK
-149.864352,61.12423100000001,Anchorage gas,AK
-112.34633000000001,38.948391,Fillmore,UT
-114.026152,51.932477,Bowden,AB
-106.576108,35.319994,Bernalillo,NM
-113.57656100000001,37.087095,St George,UT
-88.414125,44.316807,Appleton,WI
-149.437534,60.110642000000006,Seward,AK
-147.75071100000002,64.852774,Fairbanks,AK
-135.464565,59.235701,Haines,AK
-79.53245600000001,37.32506,Bedford Welcome Center $5,VA
-75.997166,44.279835999999996,Grass Point State Park $8 entrance,NY
-75.855165,44.377959000000004,Kring Point State Park $8 entrance,NY
-76.02323,44.320489,Wellesley Island State Park $8 entrance,NY
-75.41933900000001,42.185963,Oquaga Creek State Park $8 entrance,NY
-76.110618,43.226109,Oneida Shores County Park $5 entrance,NY
-77.269699,42.882286,Canandaigua,NY
-76.263416,44.16252,Burnham Point State Park $8 entrance,NY
-74.864037,42.787561,Glimmerglass State Park $8 entrance,NY
-78.42905400000001,42.907643,Darien Lakes State Park $8 entrance,NY
-79.430991,42.422724,Lake Erie State Park $8 entrance,NY
-72.171238,40.99035,East Hampton,NY
-76.778368,42.075641999999995,Elmira,NY
-76.81745500000001,42.144492,Elmira Heights,NY
-75.9706,43.054277,Green Lakes State Park $8 entrance,NY
-76.908811,42.734168,Sampson State Park $8 entrance,NY
-73.421115,40.882551,Huntington,NY
-76.51559499999999,42.420444,Buttermilk Falls State Park $8 entrance,NY
-77.679186,42.823578000000005,Livonia,NY
-78.70467099999999,43.18531,Lockport,NY
-74.86536600000001,44.988514,Robert Moses State Park $8 entrance,NY
-72.004637,41.010599,Hither Hills State Park $8 entrance,NY
-75.520388,42.510575,Norwich,NY
-77.126951,42.584619,Keuka Lake State Park $8 entrance,NY
-73.425916,44.723422,Cumberland Bay State Park $8 entrance,NY
-74.99453199999999,44.680517,Potsdam $5,NY
-77.42917299999999,43.233807,Webster $7,NY
-114.864177,39.234887,Ely,NV
-93.973956,32.728634,Oil City,LA
-105.610078,41.31008,Laramie,WY
-112.484599,54.109168999999994,Smoky Lake,AB
-107.91230900000001,37.26964,Durango,CO
-73.25198499999999,45.289113,Saint-Jean-sur-Richelieu,QC
-90.383946,39.446876,White Hall,IL
-104.995551,39.937823,Westminster,CO
-113.014273,38.402631,Milford,UT
-111.777224,50.222334000000004,Rolling Hills,AB
-111.80951999999999,50.53735,Tilley,AB
-112.46218,50.7851,Bassano,AB
-113.58782,50.02081,Claresholm,AB
-64.26443,48.812343,parc forillon entrance fee,QC
-69.34576700000001,48.006607,Halte de l'Isle-Verte,QC
-66.353985,48.059608000000004,Dalhousi,NB
-64.714802,46.470304999999996,Buctouche,NB
-64.56170300000001,45.977113,Memramcook,NB
-61.97067,45.611259999999994,Antigonish,NS
-73.4213,40.88323,Huntington,NY
-133.307027,60.482473,Johnson crossiny,YT
-145.733365,64.030922,Delta Junction,AK
-147.75026599999998,64.83733199999999,Fairbanks,AK
-113.94951999999999,49.494578000000004,Pincher Creek,AB
-114.458078,49.611724,Bellevue,AB
-112.782032,49.878510999999996,Picture Butte,AB
-116.619984,51.84209,Lake,AB
-118.071794,52.860663,Jasper,AB
-116.154734,53.576147,Edson,AB
-115.231769,53.612515,Wildwood,AB
-115.01785600000001,53.600838,Evansburg,AB
-113.12176200000002,54.15935,Thorhild,AB
-117.126792,58.509779,High Level,AB
-96.006535,43.190642,Boyden,IA
-96.4688,43.05794,county park,IA
-95.798289,42.451374,Correctionville,IA
-95.90621,41.556981,Missouri Valley,IA
-90.19534200000001,41.306622999999995,Cambridge,IL
-89.606724,40.679379,Peoria,IL
-91.412189,39.954291,Quincy,IL
-102.639925,45.999964,Hettinger,SD
-96.862449,45.908556,Victor,SD
-97.518047,45.340548,Webster,SD
-96.84244,44.69597,Rest area NB,SD
-96.84877,44.703965000000004,Rest area SB,SD
-96.827492,43.452969,Tea,SD
-97.26574000000001,43.425959999999996,Marion,SD
-98.476902,43.082782,casino Pickstown,SD
-101.80161,39.766146,Saint Francis,KS
-98.772784,38.523961,Hoisington,KS
-97.673803,38.375471000000005,McPherson,KS
-95.52649699999999,37.349737,rest area Cherryvale,KS
-95.24738,37.338186,Parsons,KS
-95.600442,37.034982,Coffeyville,KS
-85.16627,34.261860999999996,Rome,GA
-85.937839,31.777569,Troy,AL
-31.423839,31.423839,Ozark,AL
-86.29348,31.09168,rest area Florala,AL
-103.187186,32.099769,Jal,NM
-106.253867,35.876098999999996,Los Alamos,NM
-128.704853,60.06569399999999,Watson Lake,YT
-71.357791,45.903665000000004,Disraeli,QC
-71.37625200000001,45.970794,St-Joseph-de-Coleraine,QC
-90.971558,36.253405,Riverfront City,AR
-92.076516,35.554401,Higden,AR
-90.819812,44.296503,Black river falls,WI
-96.347346,30.602602,College Station,TX
-114.451637,37.937781,Pioche City,NV
-64.719313,44.045502,Lunenburg,NS
-85.61744399999999,31.42397,Ozark,AL
-113.451323,34.536249,Wickenburg,AZ
-103.390433,46.175596999999996,Bowman,ND
-90.971515,36.253387,Pocahontas,AR
-101.594349,35.680859999999996,Fritch,TX
-105.50705500000001,37.742592,Mosca,CO
-93.129367,34.22358,Arkadelphia,AR
-101.232675,33.658384000000005,Crosbyton,TX
-73.571692,45.371905,St-Constant,QC
